sim_time_s,flight_time_s,sf,airtime_ms,tx_bytes,seq,x,y,z,payload_json,dist,rx_time_s,delivered
1.737,0,7,56,78,1,0,0,0,"{""s"":1,""t"":[0,0,0,539,0],""p"":[0,0,0],""a"":[10,20,980],""g"":[0,0,0],""e"":[100,25]}",0.0,1.666,True
2.235,1,7,56,80,2,30,0,0,"{""s"":2,""t"":[0,0,1,39,500],""p"":[30,0,0],""a"":[10,20,980],""g"":[0,0,0],""e"":[100,25]}",30.0,2.167,True
2.7359999999999998,1,7,56,81,3,30,0,0,"{""s"":3,""t"":[0,0,1,539,500],""p"":[30,0,0],""a"":[10,20,980],""g"":[0,0,0],""e"":[100,25]}",30.0,2.663,True
3.235,2,7,56,80,4,30,0,0,"{""s"":4,""t"":[0,0,2,39,500],""p"":[30,0,0],""a"":[10,20,980],""g"":[0,0,0],""e"":[100,25]}",30.0,3.167,True
3.7359999999999998,2,7,56,81,5,30,0,0,"{""s"":5,""t"":[0,0,2,539,500],""p"":[30,0,0],""a"":[10,20,980],""g"":[0,0,0],""e"":[100,25]}",30.0,3.663,True
4.235,3,7,56,80,6,30,0,0,"{""s"":6,""t"":[0,0,3,39,500],""p"":[30,0,0],""a"":[10,20,980],""g"":[0,0,0],""e"":[100,25]}",30.0,4.167,True
4.736,3,7,56,81,7,30,0,0,"{""s"":7,""t"":[0,0,3,539,500],""p"":[30,0,0],""a"":[10,20,980],""g"":[0,0,0],""e"":[100,25]}",30.0,4.663,True
5.235,4,7,56,80,8,30,0,0,"{""s"":8,""t"":[0,0,4,39,500],""p"":[30,0,0],""a"":[10,20,980],""g"":[0,0,0],""e"":[100,25]}",30.0,5.167,True
5.736,4,7,56,81,9,30,0,0,"{""s"":9,""t"":[0,0,4,539,500],""p"":[30,0,0],""a"":[10,20,980],""g"":[0,0,0],""e"":[100,25]}",30.0,5.663,True
6.239,5,7,56,83,10,30,108,0,"{""s"":10,""t"":[0,0,5,39,500],""p"":[30,108,0],""a"":[10,20,980],""g"":[0,0,0],""e"":[100,25]}",112.08925015361643,6.165,True
6.736,5,7,56,84,11,30,270,0,"{""s"":11,""t"":[0,0,5,539,500],""p"":[30,270,0],""a"":[10,20,980],""g"":[0,0,0],""e"":[100,25]}",271.6615541441225,6.666,True
7.234,6,7,56,83,12,30,378,0,"{""s"":12,""t"":[0,0,6,39,500],""p"":[30,378,0],""a"":[10,20,980],""g"":[0,0,0],""e"":[100,25]}",379.18860742379906,7.165,True
7.736,6,7,56,84,13,30,540,0,"{""s"":13,""t"":[0,0,6,539,500],""p"":[30,540,0],""a"":[10,20,980],""g"":[0,0,0],""e"":[100,25]}",540.8326913195984,7.666,True
8.239,7,7,56,83,14,30,648,0,"{""s"":14,""t"":[0,0,7,39,500],""p"":[30,648,0],""a"":[10,20,980],""g"":[0,0,0],""e"":[100,25]}",648.6940727338273,8.165,True
8.736,7,7,56,84,15,30,810,0,"{""s"":15,""t"":[0,0,7,539,500],""p"":[30,810,0],""a"":[10,20,980],""g"":[0,0,0],""e"":[100,25]}",810.5553651663778,8.666,True
9.239,8,7,56,83,16,30,918,0,"{""s"":16,""t"":[0,0,8,39,500],""p"":[30,918,0],""a"":[10,20,980],""g"":[0,0,0],""e"":[100,25]}",918.4900652701693,9.165,True
9.736,8,7,56,85,17,30,1080,0,"{""s"":17,""t"":[0,0,8,539,500],""p"":[30,1080,0],""a"":[10,20,980],""g"":[0,0,0],""e"":[100,25]}",1080.4165863221465,9.666,True
10.236,9,7,56,84,18,30,1188,0,"{""s"":18,""t"":[0,0,9,39,500],""p"":[30,1188,0],""a"":[10,20,980],""g"":[0,0,0],""e"":[100,25]}",1188.3787275107209,10.166,True
10.736,9,7,56,85,19,30,1350,0,"{""s"":19,""t"":[0,0,9,539,500],""p"":[30,1350,0],""a"":[10,20,980],""g"":[0,0,0],""e"":[100,25]}",1350.3332921912279,10.666,True
11.237,10,8,103,85,20,30,1458,0,"{""s"":20,""t"":[0,0,10,39,500],""p"":[30,1458,0],""a"":[10,20,980],""g"":[0,0,0],""e"":[100,25]}",1458.3086093142288,11.166,True
11.738,10,8,103,86,21,30,1620,0,"{""s"":21,""t"":[0,0,10,539,500],""p"":[30,1620,0],""a"":[10,20,980],""g"":[0,0,0],""e"":[100,25]}",1620.2777539668932,11.667,True
12.237,11,8,103,85,22,30,1728,0,"{""s"":22,""t"":[0,0,11,39,500],""p"":[30,1728,0],""a"":[10,20,980],""g"":[0,0,0],""e"":[100,25]}",1728.260397046695,12.166,True
12.738,11,8,103,86,23,30,1890,0,"{""s"":23,""t"":[0,0,11,539,500],""p"":[30,1890,0],""a"":[10,20,980],""g"":[0,0,0],""e"":[100,25]}",1890.2380802428038,12.667,True
13.237,12,8,103,85,24,30,1998,0,"{""s"":24,""t"":[0,0,12,39,500],""p"":[30,1998,0],""a"":[10,20,980],""g"":[0,0,0],""e"":[100,25]}",1998.2252125323612,13.166,True
13.738,12,8,103,86,25,30,2160,0,"{""s"":25,""t"":[0,0,12,539,500],""p"":[30,2160,0],""a"":[10,20,980],""g"":[0,0,0],""e"":[100,25]}",2160.208323287363,13.667,True
14.237,13,8,103,85,26,30,2268,0,"{""s"":26,""t"":[0,0,13,39,500],""p"":[30,2268,0],""a"":[10,20,980],""g"":[0,0,0],""e"":[100,25]}",2268.198404020248,14.166,True
14.738,13,8,103,86,27,30,2430,0,"{""s"":27,""t"":[0,0,13,539,500],""p"":[30,2430,0],""a"":[10,20,980],""g"":[0,0,0],""e"":[100,25]}",2430.1851781294363,14.667,True
15.237,14,8,103,85,28,30,2538,0,"{""s"":28,""t"":[0,0,14,39,500],""p"":[30,2538,0],""a"":[10,20,980],""g"":[0,0,0],""e"":[100,25]}",2538.1772987716995,15.166,True
15.738,14,8,103,86,29,30,2700,0,"{""s"":29,""t"":[0,0,14,539,500],""p"":[30,2700,0],""a"":[10,20,980],""g"":[0,0,0],""e"":[100,25]}",2700.1666615229515,15.667,True
16.237,15,8,103,85,30,30,2808,0,"{""s"":30,""t"":[0,0,15,39,500],""p"":[30,2808,0],""a"":[10,20,980],""g"":[0,0,0],""e"":[100,25]}",2808.1602518374907,16.166,True
16.738,15,8,103,86,31,30,2970,0,"{""s"":31,""t"":[0,0,15,539,500],""p"":[30,2970,0],""a"":[10,20,980],""g"":[0,0,0],""e"":[100,25]}",2970.1515112869242,16.667,True
17.237,16,8,103,85,32,30,3078,0,"{""s"":32,""t"":[0,0,16,39,500],""p"":[30,3078,0],""a"":[10,20,980],""g"":[0,0,0],""e"":[100,25]}",3078.1461953584985,17.166,True
17.738,16,8,103,86,33,30,3240,0,"{""s"":33,""t"":[0,0,16,539,500],""p"":[30,3240,0],""a"":[10,20,980],""g"":[0,0,0],""e"":[100,25]}",3240.1388859121457,17.667,True
18.237,17,8,103,85,34,30,3348,0,"{""s"":34,""t"":[0,0,17,39,500],""p"":[30,3348,0],""a"":[10,20,980],""g"":[0,0,0],""e"":[100,25]}",3348.134405904279,18.166,True
18.738,17,8,103,86,35,30,3510,0,"{""s"":35,""t"":[0,0,17,539,500],""p"":[30,3510,0],""a"":[10,20,980],""g"":[0,0,0],""e"":[100,25]}",3510.128202786901,18.667,True
19.237,18,8,103,85,36,30,3618,0,"{""s"":36,""t"":[0,0,18,39,500],""p"":[30,3618,0],""a"":[10,20,980],""g"":[0,0,0],""e"":[100,25]}",3618.1243759716167,19.166,True
19.738,18,8,103,86,37,30,3780,0,"{""s"":37,""t"":[0,0,18,539,500],""p"":[30,3780,0],""a"":[10,20,980],""g"":[0,0,0],""e"":[100,25]}",3780.119045744459,19.667,True
20.237,19,8,103,85,38,30,3888,0,"{""s"":38,""t"":[0,0,19,39,500],""p"":[30,3888,0],""a"":[10,20,980],""g"":[0,0,0],""e"":[100,25]}",3888.1157390180656,20.166,True
20.738,19,8,103,86,39,30,4050,0,"{""s"":39,""t"":[0,0,19,539,500],""p"":[30,4050,0],""a"":[10,20,980],""g"":[0,0,0],""e"":[100,25]}",4050.111109586995,20.667,True
21.237,20,8,103,85,40,30,4158,0,"{""s"":40,""t"":[0,0,20,39,500],""p"":[30,4158,0],""a"":[10,20,980],""g"":[0,0,0],""e"":[100,25]}",4158.108223699811,21.166,True
21.738,20,8,103,86,41,30,4320,0,"{""s"":41,""t"":[0,0,20,539,500],""p"":[30,4320,0],""a"":[10,20,980],""g"":[0,0,0],""e"":[100,25]}",4320.104165410829,21.667,True
22.237,21,8,103,85,42,30,4428,0,"{""s"":42,""t"":[0,0,21,39,500],""p"":[30,4428,0],""a"":[10,20,980],""g"":[0,0,0],""e"":[100,25]}",4428.101624850089,22.166,True
22.738,21,8,103,86,43,30,4590,0,"{""s"":43,""t"":[0,0,21,539,500],""p"":[30,4590,0],""a"":[10,20,980],""g"":[0,0,0],""e"":[100,25]}",4590.098038168684,22.667,True
23.237,22,8,103,85,44,30,4698,0,"{""s"":44,""t"":[0,0,22,39,500],""p"":[30,4698,0],""a"":[10,20,980],""g"":[0,0,0],""e"":[100,25]}",4698.09578446417,23.166,True
23.738,22,8,103,86,45,30,4860,0,"{""s"":45,""t"":[0,0,22,539,500],""p"":[30,4860,0],""a"":[10,20,980],""g"":[0,0,0],""e"":[100,25]}",4860.092591710573,23.667,True
24.237,23,8,103,85,46,30,4968,0,"{""s"":46,""t"":[0,0,23,39,500],""p"":[30,4968,0],""a"":[10,20,980],""g"":[0,0,0],""e"":[100,25]}",4968.090578884407,24.166,True
24.738,23,8,103,86,47,30,5130,0,"{""s"":47,""t"":[0,0,23,539,500],""p"":[30,5130,0],""a"":[10,20,980],""g"":[0,0,0],""e"":[100,25]}",5130.0877185482905,24.667,True
25.237,24,8,103,85,48,30,5238,0,"{""s"":48,""t"":[0,0,24,39,500],""p"":[30,5238,0],""a"":[10,20,980],""g"":[0,0,0],""e"":[100,25]}",5238.085909948404,25.166,True
25.738,24,8,103,86,49,30,5400,0,"{""s"":49,""t"":[0,0,24,539,500],""p"":[30,5400,0],""a"":[10,20,980],""g"":[0,0,0],""e"":[100,25]}",5400.083332690339,25.667,True
26.237,25,9,185,85,50,30,5508,0,"{""s"":50,""t"":[0,0,25,39,500],""p"":[30,5508,0],""a"":[10,20,980],""g"":[0,0,0],""e"":[100,25]}",5508.081698740497,26.166,True
26.738,25,9,185,86,51,30,5670,0,"{""s"":51,""t"":[0,0,25,539,500],""p"":[30,5670,0],""a"":[10,20,980],""g"":[0,0,0],""e"":[100,25]}",5670.079364523922,26.667,True
27.237,26,9,185,85,52,30,5778,0,"{""s"":52,""t"":[0,0,26,39,500],""p"":[30,5778,0],""a"":[10,20,980],""g"":[0,0,0],""e"":[100,25]}",5778.0778810950615,27.166,True
27.738,26,9,185,86,53,30,5940,0,"{""s"":53,""t"":[0,0,26,539,500],""p"":[30,5940,0],""a"":[10,20,980],""g"":[0,0,0],""e"":[100,25]}",5940.075757092665,27.667,True
28.237,27,9,185,85,54,30,6048,0,"{""s"":54,""t"":[0,0,27,39,500],""p"":[30,6048,0],""a"":[10,20,980],""g"":[0,0,0],""e"":[100,25]}",6048.074404304233,28.166,True
28.738,27,9,185,86,55,30,6210,0,"{""s"":55,""t"":[0,0,27,539,500],""p"":[30,6210,0],""a"":[10,20,980],""g"":[0,0,0],""e"":[100,25]}",6210.072463345336,28.667,True
29.237,28,9,185,85,56,30,6318,0,"{""s"":56,""t"":[0,0,28,39,500],""p"":[30,6318,0],""a"":[10,20,980],""g"":[0,0,0],""e"":[100,25]}",6318.071224669757,29.166,True
29.738,28,9,185,86,57,30,6480,0,"{""s"":57,""t"":[0,0,28,539,500],""p"":[30,6480,0],""a"":[10,20,980],""g"":[0,0,0],""e"":[100,25]}",6480.069444072339,29.667,True
30.237,29,9,185,85,58,30,6588,0,"{""s"":58,""t"":[0,0,29,39,500],""p"":[30,6588,0],""a"":[10,20,980],""g"":[0,0,0],""e"":[100,25]}",6588.068305656826,30.166,True
30.738,29,9,185,86,59,30,6750,0,"{""s"":59,""t"":[0,0,29,539,500],""p"":[30,6750,0],""a"":[10,20,980],""g"":[0,0,0],""e"":[100,25]}",6750.066666337452,30.667,True
31.237,30,9,185,85,60,30,6858,0,"{""s"":60,""t"":[0,0,30,39,500],""p"":[30,6858,0],""a"":[10,20,980],""g"":[0,0,0],""e"":[100,25]}",6858.065616483995,31.166,True
31.738,30,9,185,86,61,30,7020,0,"{""s"":61,""t"":[0,0,30,539,500],""p"":[30,7020,0],""a"":[10,20,980],""g"":[0,0,0],""e"":[100,25]}",7020.064102271432,31.667,True
32.237,31,9,185,85,62,30,7128,0,"{""s"":62,""t"":[0,0,31,39,500],""p"":[30,7128,0],""a"":[10,20,980],""g"":[0,0,0],""e"":[100,25]}",7128.063131033563,32.166,True
32.738,31,9,185,86,63,30,7290,0,"{""s"":63,""t"":[0,0,31,539,500],""p"":[30,7290,0],""a"":[10,20,980],""g"":[0,0,0],""e"":[100,25]}",7290.06172813372,32.667,True
33.237,32,9,185,85,64,30,7398,0,"{""s"":64,""t"":[0,0,32,39,500],""p"":[30,7398,0],""a"":[10,20,980],""g"":[0,0,0],""e"":[100,25]}",7398.060827000546,,False
33.738,32,9,185,86,65,30,7560,0,"{""s"":65,""t"":[0,0,32,539,500],""p"":[30,7560,0],""a"":[10,20,980],""g"":[0,0,0],""e"":[100,25]}",7560.059523575194,33.667,True
34.237,33,9,185,85,66,30,7668,0,"{""s"":66,""t"":[0,0,33,39,500],""p"":[30,7668,0],""a"":[10,20,980],""g"":[0,0,0],""e"":[100,25]}",7668.058685221443,34.166,True
34.738,33,9,185,86,67,30,7830,0,"{""s"":67,""t"":[0,0,33,539,500],""p"":[30,7830,0],""a"":[10,20,980],""g"":[0,0,0],""e"":[100,25]}",7830.057471053453,34.667,True
35.237,34,9,185,85,68,30,7938,0,"{""s"":68,""t"":[0,0,34,39,500],""p"":[30,7938,0],""a"":[10,20,980],""g"":[0,0,0],""e"":[100,25]}",7938.056689139981,35.166,True
35.738,34,9,185,86,69,30,8100,0,"{""s"":69,""t"":[0,0,34,539,500],""p"":[30,8100,0],""a"":[10,20,980],""g"":[0,0,0],""e"":[100,25]}",8100.055555365037,35.667,True
36.237,35,9,185,85,70,30,8208,0,"{""s"":70,""t"":[0,0,35,39,500],""p"":[30,8208,0],""a"":[10,20,980],""g"":[0,0,0],""e"":[100,25]}",8208.054824378307,36.166,True
36.738,35,9,185,86,71,30,8370,0,"{""s"":71,""t"":[0,0,35,539,500],""p"":[30,8370,0],""a"":[10,20,980],""g"":[0,0,0],""e"":[100,25]}",8370.05376326819,36.667,True
37.237,36,9,185,85,72,30,8478,0,"{""s"":72,""t"":[0,0,36,39,500],""p"":[30,8478,0],""a"":[10,20,980],""g"":[0,0,0],""e"":[100,25]}",8478.053078390109,,False
37.738,36,9,185,86,73,30,8640,0,"{""s"":73,""t"":[0,0,36,539,500],""p"":[30,8640,0],""a"":[10,20,980],""g"":[0,0,0],""e"":[100,25]}",8640.052083176352,37.667,True
38.237,37,9,185,85,74,30,8748,0,"{""s"":74,""t"":[0,0,37,39,500],""p"":[30,8748,0],""a"":[10,20,980],""g"":[0,0,0],""e"":[100,25]}",8748.051440177978,38.166,True
38.738,37,9,185,86,75,30,8910,0,"{""s"":75,""t"":[0,0,37,539,500],""p"":[30,8910,0],""a"":[10,20,980],""g"":[0,0,0],""e"":[100,25]}",8910.050504907365,38.667,True
39.237,38,9,185,85,76,30,9018,0,"{""s"":76,""t"":[0,0,38,39,500],""p"":[30,9018,0],""a"":[10,20,980],""g"":[0,0,0],""e"":[100,25]}",9018.049900061542,,False
39.738,38,9,185,86,77,30,9180,0,"{""s"":77,""t"":[0,0,38,539,500],""p"":[30,9180,0],""a"":[10,20,980],""g"":[0,0,0],""e"":[100,25]}",9180.049019476966,,False
40.237,39,9,185,85,78,30,9288,0,"{""s"":78,""t"":[0,0,39,39,500],""p"":[30,9288,0],""a"":[10,20,980],""g"":[0,0,0],""e"":[100,25]}",9288.048449486037,40.166,True
40.738,39,9,185,86,79,30,9450,0,"{""s"":79,""t"":[0,0,39,539,500],""p"":[30,9450,0],""a"":[10,20,980],""g"":[0,0,0],""e"":[100,25]}",9450.047618927641,40.667,True
41.237,40,9,185,85,80,30,9558,0,"{""s"":80,""t"":[0,0,40,39,500],""p"":[30,9558,0],""a"":[10,20,980],""g"":[0,0,0],""e"":[100,25]}",9558.047080863329,41.166,True
41.738,40,9,185,86,81,30,9720,0,"{""s"":81,""t"":[0,0,40,539,500],""p"":[30,9720,0],""a"":[10,20,980],""g"":[0,0,0],""e"":[100,25]}",9720.046296186043,41.667,True
42.237,41,9,185,85,82,30,9828,0,"{""s"":82,""t"":[0,0,41,39,500],""p"":[30,9828,0],""a"":[10,20,980],""g"":[0,0,0],""e"":[100,25]}",9828.045787439129,42.166,True
42.738,41,9,185,86,83,30,9990,0,"{""s"":83,""t"":[0,0,41,539,500],""p"":[30,9990,0],""a"":[10,20,980],""g"":[0,0,0],""e"":[100,25]}",9990.045044943492,42.667,True
43.238,42,9,185,86,84,30,10098,0,"{""s"":84,""t"":[0,0,42,39,500],""p"":[30,10098,0],""a"":[10,20,980],""g"":[0,0,0],""e"":[100,25]}",10098.044563181527,43.167,True
43.74,42,9,185,87,85,30,10260,0,"{""s"":85,""t"":[0,0,42,539,500],""p"":[30,10260,0],""a"":[10,20,980],""g"":[0,0,0],""e"":[100,25]}",10260.043859555377,,False
44.238,43,9,185,86,86,30,10368,0,"{""s"":86,""t"":[0,0,43,39,500],""p"":[30,10368,0],""a"":[10,20,980],""g"":[0,0,0],""e"":[100,25]}",10368.043402686932,,False
44.74,43,9,185,87,87,30,10530,0,"{""s"":87,""t"":[0,0,43,539,500],""p"":[30,10530,0],""a"":[10,20,980],""g"":[0,0,0],""e"":[100,25]}",10530.042734956018,,False
45.238,44,9,185,86,88,30,10638,0,"{""s"":88,""t"":[0,0,44,39,500],""p"":[30,10638,0],""a"":[10,20,980],""g"":[0,0,0],""e"":[100,25]}",10638.04230110033,45.167,True
45.74,44,9,185,87,89,30,10800,0,"{""s"":89,""t"":[0,0,44,539,500],""p"":[30,10800,0],""a"":[10,20,980],""g"":[0,0,0],""e"":[100,25]}",10800.041666586292,,False
46.239,45,10,371,86,90,30,10908,0,"{""s"":90,""t"":[0,0,45,39,500],""p"":[30,10908,0],""a"":[10,20,980],""g"":[0,0,0],""e"":[100,25]}",10908.0412540474,46.167,True
47.24,46,10,371,87,91,30,11070,0,"{""s"":91,""t"":[0,0,46,39,1000],""p"":[30,11070,0],""a"":[10,20,980],""g"":[0,0,0],""e"":[100,25]}",11070.040650331868,,False
48.24,47,10,371,87,92,30,11340,0,"{""s"":92,""t"":[0,0,47,39,1000],""p"":[30,11340,0],""a"":[10,20,980],""g"":[0,0,0],""e"":[100,25]}",11340.039682470251,,False
49.24,48,10,371,87,93,30,11610,0,"{""s"":93,""t"":[0,0,48,39,1000],""p"":[30,11610,0],""a"":[10,20,980],""g"":[0,0,0],""e"":[100,25]}",11610.038759625224,,False
50.24,49,10,371,87,94,30,11880,0,"{""s"":94,""t"":[0,0,49,39,1000],""p"":[30,11880,0],""a"":[10,20,980],""g"":[0,0,0],""e"":[100,25]}",11880.037878727491,,False
51.24,50,10,371,87,95,30,12150,0,"{""s"":95,""t"":[0,0,50,39,1000],""p"":[30,12150,0],""a"":[10,20,980],""g"":[0,0,0],""e"":[100,25]}",12150.037036980588,,False
52.24,51,10,371,87,96,30,12420,0,"{""s"":96,""t"":[0,0,51,39,1000],""p"":[30,12420,0],""a"":[10,20,980],""g"":[0,0,0],""e"":[100,25]}",12420.036231831209,,False
53.24,52,10,371,87,97,30,12690,0,"{""s"":97,""t"":[0,0,52,39,1000],""p"":[30,12690,0],""a"":[10,20,980],""g"":[0,0,0],""e"":[100,25]}",12690.035460943362,,False
54.24,53,10,371,87,98,30,12960,0,"{""s"":98,""t"":[0,0,53,39,1000],""p"":[30,12960,0],""a"":[10,20,980],""g"":[0,0,0],""e"":[100,25]}",12960.03472217571,,False
55.24,54,10,371,87,99,30,13230,0,"{""s"":99,""t"":[0,0,54,39,1000],""p"":[30,13230,0],""a"":[10,20,980],""g"":[0,0,0],""e"":[100,25]}",13230.034013561719,,False
56.241,55,10,371,88,100,30,13500,0,"{""s"":100,""t"":[0,0,55,39,1000],""p"":[30,13500,0],""a"":[10,20,980],""g"":[0,0,0],""e"":[100,25]}",13500.033333292182,,False
57.241,56,10,371,88,101,30,13770,0,"{""s"":101,""t"":[0,0,56,39,1000],""p"":[30,13770,0],""a"":[10,20,980],""g"":[0,0,0],""e"":[100,25]}",13770.032679699783,,False
58.241,57,10,371,88,102,30,14040,0,"{""s"":102,""t"":[0,0,57,39,1000],""p"":[30,14040,0],""a"":[10,20,980],""g"":[0,0,0],""e"":[100,25]}",14040.032051245467,,False
59.241,58,10,371,88,103,30,14310,0,"{""s"":103,""t"":[0,0,58,39,1000],""p"":[30,14310,0],""a"":[10,20,980],""g"":[0,0,0],""e"":[100,25]}",14310.031446506327,,False
60.241,59,10,371,88,104,30,14580,0,"{""s"":104,""t"":[0,0,59,39,1000],""p"":[30,14580,0],""a"":[10,20,980],""g"":[0,0,0],""e"":[100,25]}",14580.030864164863,,False
61.24,60,10,371,87,105,30,14850,0,"{""s"":105,""t"":[0,1,0,39,1000],""p"":[30,14850,0],""a"":[10,20,980],""g"":[0,0,0],""e"":[100,25]}",14850.030302999385,,False
62.24,61,10,371,87,106,30,15120,0,"{""s"":106,""t"":[0,1,1,39,1000],""p"":[30,15120,0],""a"":[10,20,980],""g"":[0,0,0],""e"":[100,25]}",15120.02976187547,,False
63.24,62,10,371,87,107,30,15390,0,"{""s"":107,""t"":[0,1,2,39,1000],""p"":[30,15390,0],""a"":[10,20,980],""g"":[0,0,0],""e"":[100,25]}",15390.029239738305,,False
64.24,63,10,371,87,108,30,15660,0,"{""s"":108,""t"":[0,1,3,39,1000],""p"":[30,15660,0],""a"":[10,20,980],""g"":[0,0,0],""e"":[100,25]}",15660.02873560582,,False
65.24,64,10,371,87,109,30,15930,0,"{""s"":109,""t"":[0,1,4,39,1000],""p"":[30,15930,0],""a"":[10,20,980],""g"":[0,0,0],""e"":[100,25]}",15930.028248562525,,False
66.24,65,10,371,87,110,30,16200,0,"{""s"":110,""t"":[0,1,5,39,1000],""p"":[30,16200,0],""a"":[10,20,980],""g"":[0,0,0],""e"":[100,25]}",16200.027777753963,,False
67.24,66,10,371,87,111,30,16470,0,"{""s"":111,""t"":[0,1,6,39,1000],""p"":[30,16470,0],""a"":[10,20,980],""g"":[0,0,0],""e"":[100,25]}",16470.02732238171,,False
68.24,67,10,371,87,112,30,16740,0,"{""s"":112,""t"":[0,1,7,39,1000],""p"":[30,16740,0],""a"":[10,20,980],""g"":[0,0,0],""e"":[100,25]}",16740.026881698846,,False
69.24,68,10,371,87,113,30,17010,0,"{""s"":113,""t"":[0,1,8,39,1000],""p"":[30,17010,0],""a"":[10,20,980],""g"":[0,0,0],""e"":[100,25]}",17010.026455005882,,False
70.24,69,10,371,87,114,30,17280,0,"{""s"":114,""t"":[0,1,9,39,1000],""p"":[30,17280,0],""a"":[10,20,980],""g"":[0,0,0],""e"":[100,25]}",17280.026041647045,,False
71.241,70,11,742,88,115,30,17550,0,"{""s"":115,""t"":[0,1,10,39,1000],""p"":[30,17550,0],""a"":[10,20,980],""g"":[0,0,0],""e"":[100,25]}",17550.02564100691,,False
72.241,71,11,742,88,116,30,17820,0,"{""s"":116,""t"":[0,1,11,39,1000],""p"":[30,17820,0],""a"":[10,20,980],""g"":[0,0,0],""e"":[100,25]}",17820.02525250736,,False
73.241,72,11,742,88,117,30,18090,0,"{""s"":117,""t"":[0,1,12,39,1000],""p"":[30,18090,0],""a"":[10,20,980],""g"":[0,0,0],""e"":[100,25]}",18090.024875604788,,False
74.241,73,11,742,88,118,30,18360,0,"{""s"":118,""t"":[0,1,13,39,1000],""p"":[30,18360,0],""a"":[10,20,980],""g"":[0,0,0],""e"":[100,25]}",18360.024509787563,,False
75.241,74,11,742,88,119,30,18630,0,"{""s"":119,""t"":[0,1,14,39,1000],""p"":[30,18630,0],""a"":[10,20,980],""g"":[0,0,0],""e"":[100,25]}",18630.02415457371,,False
76.236,75,11,742,88,120,30,18900,0,"{""s"":120,""t"":[0,1,15,39,1000],""p"":[30,18900,0],""a"":[10,20,980],""g"":[0,0,0],""e"":[100,25]}",18900.023809508813,,False
77.241,76,11,742,88,121,30,19170,0,"{""s"":121,""t"":[0,1,16,39,1000],""p"":[30,19170,0],""a"":[10,20,980],""g"":[0,0,0],""e"":[100,25]}",19170.02347416403,,False
78.236,77,11,742,88,122,30,19440,0,"{""s"":122,""t"":[0,1,17,39,1000],""p"":[30,19440,0],""a"":[10,20,980],""g"":[0,0,0],""e"":[100,25]}",19440.023148134365,,False
79.236,78,11,742,88,123,30,19710,0,"{""s"":123,""t"":[0,1,18,39,1000],""p"":[30,19710,0],""a"":[10,20,980],""g"":[0,0,0],""e"":[100,25]}",19710.022831037004,,False
80.241,79,11,742,88,124,30,19980,0,"{""s"":124,""t"":[0,1,19,39,1000],""p"":[30,19980,0],""a"":[10,20,980],""g"":[0,0,0],""e"":[100,25]}",19980.02252250983,,False
81.236,80,11,742,88,125,30,19764,0,"{""s"":125,""t"":[0,1,20,39,1000],""p"":[30,19764,0],""a"":[10,20,980],""g"":[0,0,0],""e"":[100,25]}",19764.022768657196,,False
82.236,81,11,742,88,126,30,19494,0,"{""s"":126,""t"":[0,1,21,39,1000],""p"":[30,19494,0],""a"":[10,20,980],""g"":[0,0,0],""e"":[100,25]}",19494.023084012188,,False
83.236,82,11,742,88,127,30,19224,0,"{""s"":127,""t"":[0,1,22,39,1000],""p"":[30,19224,0],""a"":[10,20,980],""g"":[0,0,0],""e"":[100,25]}",19224.02340822545,,False
84.241,83,11,742,88,128,30,18954,0,"{""s"":128,""t"":[0,1,23,39,1000],""p"":[30,18954,0],""a"":[10,20,980],""g"":[0,0,0],""e"":[100,25]}",18954.02374167554,,False
85.236,84,11,742,88,129,30,18684,0,"{""s"":129,""t"":[0,1,24,39,1000],""p"":[30,18684,0],""a"":[10,20,980],""g"":[0,0,0],""e"":[100,25]}",18684.024084762896,,False
86.241,85,11,742,88,130,30,18414,0,"{""s"":130,""t"":[0,1,25,39,1000],""p"":[30,18414,0],""a"":[10,20,980],""g"":[0,0,0],""e"":[100,25]}",18414.02443791145,,False
87.241,86,11,742,88,131,30,18144,0,"{""s"":131,""t"":[0,1,26,39,1000],""p"":[30,18144,0],""a"":[10,20,980],""g"":[0,0,0],""e"":[100,25]}",18144.02480157035,,False
88.241,87,11,742,88,132,30,17874,0,"{""s"":132,""t"":[0,1,27,39,1000],""p"":[30,17874,0],""a"":[10,20,980],""g"":[0,0,0],""e"":[100,25]}",17874.025176215906,,False
89.241,88,11,742,88,133,30,17604,0,"{""s"":133,""t"":[0,1,28,39,1000],""p"":[30,17604,0],""a"":[10,20,980],""g"":[0,0,0],""e"":[100,25]}",17604.02556235363,,False
90.241,89,11,742,88,134,30,17334,0,"{""s"":134,""t"":[0,1,29,39,1000],""p"":[30,17334,0],""a"":[10,20,980],""g"":[0,0,0],""e"":[100,25]}",17334.02596052054,,False
91.241,90,11,742,88,135,30,17064,0,"{""s"":135,""t"":[0,1,30,39,1000],""p"":[30,17064,0],""a"":[10,20,980],""g"":[0,0,0],""e"":[100,25]}",17064.02637128764,,False
92.241,91,11,742,88,136,30,16794,0,"{""s"":136,""t"":[0,1,31,39,1000],""p"":[30,16794,0],""a"":[10,20,980],""g"":[0,0,0],""e"":[100,25]}",16794.026795262653,,False
93.241,92,11,742,88,137,30,16524,0,"{""s"":137,""t"":[0,1,32,39,1000],""p"":[30,16524,0],""a"":[10,20,980],""g"":[0,0,0],""e"":[100,25]}",16524.027233093027,,False
94.241,93,11,742,88,138,30,16254,0,"{""s"":138,""t"":[0,1,33,39,1000],""p"":[30,16254,0],""a"":[10,20,980],""g"":[0,0,0],""e"":[100,25]}",16254.027685469224,,False
95.241,94,11,742,88,139,30,15984,0,"{""s"":139,""t"":[0,1,34,39,1000],""p"":[30,15984,0],""a"":[10,20,980],""g"":[0,0,0],""e"":[100,25]}",15984.02815312836,,False
96.241,95,11,742,88,140,30,15714,0,"{""s"":140,""t"":[0,1,35,39,1000],""p"":[30,15714,0],""a"":[10,20,980],""g"":[0,0,0],""e"":[100,25]}",15714.028636858213,,False
97.241,96,11,742,88,141,30,15444,0,"{""s"":141,""t"":[0,1,36,39,1000],""p"":[30,15444,0],""a"":[10,20,980],""g"":[0,0,0],""e"":[100,25]}",15444.029137501651,,False
98.241,97,11,742,88,142,30,15174,0,"{""s"":142,""t"":[0,1,37,39,1000],""p"":[30,15174,0],""a"":[10,20,980],""g"":[0,0,0],""e"":[100,25]}",15174.02965596153,,False
99.241,98,11,742,88,143,30,14904,0,"{""s"":143,""t"":[0,1,38,39,1000],""p"":[30,14904,0],""a"":[10,20,980],""g"":[0,0,0],""e"":[100,25]}",14904.030193206132,,False
100.241,99,11,742,88,144,30,14634,0,"{""s"":144,""t"":[0,1,39,39,1000],""p"":[30,14634,0],""a"":[10,20,980],""g"":[0,0,0],""e"":[100,25]}",14634.030750275195,,False
101.241,100,11,742,88,145,30,14364,0,"{""s"":145,""t"":[0,1,40,39,1000],""p"":[30,14364,0],""a"":[10,20,980],""g"":[0,0,0],""e"":[100,25]}",14364.031328286637,,False
102.241,101,11,742,88,146,30,14094,0,"{""s"":146,""t"":[0,1,41,39,1000],""p"":[30,14094,0],""a"":[10,20,980],""g"":[0,0,0],""e"":[100,25]}",14094.03192844404,,False
103.241,102,11,742,88,147,30,13824,0,"{""s"":147,""t"":[0,1,42,39,1000],""p"":[30,13824,0],""a"":[10,20,980],""g"":[0,0,0],""e"":[100,25]}",13824.032552045008,,False
104.241,103,11,742,88,148,30,13554,0,"{""s"":148,""t"":[0,1,43,39,1000],""p"":[30,13554,0],""a"":[10,20,980],""g"":[0,0,0],""e"":[100,25]}",13554.033200490547,,False
105.241,104,11,742,88,149,30,13284,0,"{""s"":149,""t"":[0,1,44,39,1000],""p"":[30,13284,0],""a"":[10,20,980],""g"":[0,0,0],""e"":[100,25]}",13284.033875295561,,False
106.241,105,11,742,88,150,30,13014,0,"{""s"":150,""t"":[0,1,45,39,1000],""p"":[30,13014,0],""a"":[10,20,980],""g"":[0,0,0],""e"":[100,25]}",13014.034578100674,,False
107.237,106,11,742,88,151,30,12744,0,"{""s"":151,""t"":[0,1,46,39,1000],""p"":[30,12744,0],""a"":[10,20,980],""g"":[0,0,0],""e"":[100,25]}",12744.035310685544,,False
108.237,107,11,742,88,152,30,12474,0,"{""s"":152,""t"":[0,1,47,39,1000],""p"":[30,12474,0],""a"":[10,20,980],""g"":[0,0,0],""e"":[100,25]}",12474.036074983911,,False
109.241,108,11,742,88,153,30,12204,0,"{""s"":153,""t"":[0,1,48,39,1000],""p"":[30,12204,0],""a"":[10,20,980],""g"":[0,0,0],""e"":[100,25]}",12204.036873100638,,False
110.241,109,11,742,88,154,30,11934,0,"{""s"":154,""t"":[0,1,49,39,1000],""p"":[30,11934,0],""a"":[10,20,980],""g"":[0,0,0],""e"":[100,25]}",11934.037707331077,,False
111.237,110,11,742,88,155,30,11664,0,"{""s"":155,""t"":[0,1,50,39,1000],""p"":[30,11664,0],""a"":[10,20,980],""g"":[0,0,0],""e"":[100,25]}",11664.038580183109,,False
112.237,111,11,742,88,156,30,11394,0,"{""s"":156,""t"":[0,1,51,39,1000],""p"":[30,11394,0],""a"":[10,20,980],""g"":[0,0,0],""e"":[100,25]}",11394.039494402325,,False
113.237,112,11,742,88,157,30,11124,0,"{""s"":157,""t"":[0,1,52,39,1000],""p"":[30,11124,0],""a"":[10,20,980],""g"":[0,0,0],""e"":[100,25]}",11124.040453000878,,False
114.237,113,11,742,88,158,30,10854,0,"{""s"":158,""t"":[0,1,53,39,1000],""p"":[30,10854,0],""a"":[10,20,980],""g"":[0,0,0],""e"":[100,25]}",10854.041459290636,,False
115.237,114,11,742,88,159,30,10584,0,"{""s"":159,""t"":[0,1,54,39,1000],""p"":[30,10584,0],""a"":[10,20,980],""g"":[0,0,0],""e"":[100,25]}",10584.042516921405,,False
116.237,115,11,742,88,160,30,10314,0,"{""s"":160,""t"":[0,1,55,39,1000],""p"":[30,10314,0],""a"":[10,20,980],""g"":[0,0,0],""e"":[100,25]}",10314.04362992517,,False
117.237,116,11,742,88,161,30,10044,0,"{""s"":161,""t"":[0,1,56,39,1000],""p"":[30,10044,0],""a"":[10,20,980],""g"":[0,0,0],""e"":[100,25]}",10044.04480276746,,False
118.24,117,11,742,87,162,30,9774,0,"{""s"":162,""t"":[0,1,57,39,1000],""p"":[30,9774,0],""a"":[10,20,980],""g"":[0,0,0],""e"":[100,25]}",9774.046040407216,118.167,True
119.24,118,11,742,87,163,30,9504,0,"{""s"":163,""t"":[0,1,58,39,1000],""p"":[30,9504,0],""a"":[10,20,980],""g"":[0,0,0],""e"":[100,25]}",9504.047348366905,119.167,True
120.24,119,11,742,87,164,30,9234,0,"{""s"":164,""t"":[0,1,59,39,1000],""p"":[30,9234,0],""a"":[10,20,980],""g"":[0,0,0],""e"":[100,25]}",9234.048732814876,,False
121.239,120,11,742,86,165,30,8964,0,"{""s"":165,""t"":[0,2,0,39,1000],""p"":[30,8964,0],""a"":[10,20,980],""g"":[0,0,0],""e"":[100,25]}",8964.050200662645,121.167,True
122.239,121,11,742,86,166,30,8694,0,"{""s"":166,""t"":[0,2,1,39,1000],""p"":[30,8694,0],""a"":[10,20,980],""g"":[0,0,0],""e"":[100,25]}",8694.051759680293,122.167,True
123.239,122,11,742,86,167,30,8424,0,"{""s"":167,""t"":[0,2,2,39,1000],""p"":[30,8424,0],""a"":[10,20,980],""g"":[0,0,0],""e"":[100,25]}",8424.053418634048,123.167,True
124.239,123,11,742,86,168,30,8154,0,"{""s"":168,""t"":[0,2,3,39,1000],""p"":[30,8154,0],""a"":[10,20,980],""g"":[0,0,0],""e"":[100,25]}",8154.055187451211,124.167,True
125.239,124,11,742,86,169,30,7884,0,"{""s"":169,""t"":[0,2,4,39,1000],""p"":[30,7884,0],""a"":[10,20,980],""g"":[0,0,0],""e"":[100,25]}",7884.05707741896,125.167,True
126.239,125,11,742,86,170,30,7614,0,"{""s"":170,""t"":[0,2,5,39,1000],""p"":[30,7614,0],""a"":[10,20,980],""g"":[0,0,0],""e"":[100,25]}",7614.059101425468,126.167,True
127.239,126,11,742,86,171,30,7344,0,"{""s"":171,""t"":[0,2,6,39,1000],""p"":[30,7344,0],""a"":[10,20,980],""g"":[0,0,0],""e"":[100,25]}",7344.061274254184,,False
128.239,127,11,742,86,172,30,7074,0,"{""s"":172,""t"":[0,2,7,39,1000],""p"":[30,7074,0],""a"":[10,20,980],""g"":[0,0,0],""e"":[100,25]}",7074.063612945532,128.167,True
129.239,128,11,742,86,173,30,6804,0,"{""s"":173,""t"":[0,2,8,39,1000],""p"":[30,6804,0],""a"":[10,20,980],""g"":[0,0,0],""e"":[100,25]}",6804.066137244699,129.167,True
130.239,129,11,742,86,174,30,6534,0,"{""s"":174,""t"":[0,2,9,39,1000],""p"":[30,6534,0],""a"":[10,20,980],""g"":[0,0,0],""e"":[100,25]}",6534.06887016046,130.167,True
131.24,130,11,742,87,175,30,6264,0,"{""s"":175,""t"":[0,2,10,39,1000],""p"":[30,6264,0],""a"":[10,20,980],""g"":[0,0,0],""e"":[100,25]}",6264.071838668519,131.167,True
132.24,131,11,742,87,176,30,5994,0,"{""s"":176,""t"":[0,2,11,39,1000],""p"":[30,5994,0],""a"":[10,20,980],""g"":[0,0,0],""e"":[100,25]}",5994.075074604922,132.167,True
133.24,132,11,742,87,177,30,5724,0,"{""s"":177,""t"":[0,2,12,39,1000],""p"":[30,5724,0],""a"":[10,20,980],""g"":[0,0,0],""e"":[100,25]}",5724.07861581233,133.167,True
134.24,133,11,742,87,178,30,5454,0,"{""s"":178,""t"":[0,2,13,39,1000],""p"":[30,5454,0],""a"":[10,20,980],""g"":[0,0,0],""e"":[100,25]}",5454.082507626741,134.167,True
135.24,134,11,742,87,179,30,5184,0,"{""s"":179,""t"":[0,2,14,39,1000],""p"":[30,5184,0],""a"":[10,20,980],""g"":[0,0,0],""e"":[100,25]}",5184.086804828793,135.167,True
136.24,135,11,742,87,180,30,4914,0,"{""s"":180,""t"":[0,2,15,39,1000],""p"":[30,4914,0],""a"":[10,20,980],""g"":[0,0,0],""e"":[100,25]}",4914.091574238315,136.167,True
137.24,136,11,742,87,181,30,4644,0,"{""s"":181,""t"":[0,2,16,39,1000],""p"":[30,4644,0],""a"":[10,20,980],""g"":[0,0,0],""e"":[100,25]}",4644.096898213904,137.167,True
138.24,137,11,742,87,182,30,4374,0,"{""s"":182,""t"":[0,2,17,39,1000],""p"":[30,4374,0],""a"":[10,20,980],""g"":[0,0,0],""e"":[100,25]}",4374.102879448539,138.167,True
139.24,138,11,742,87,183,30,4104,0,"{""s"":183,""t"":[0,2,18,39,1000],""p"":[30,4104,0],""a"":[10,20,980],""g"":[0,0,0],""e"":[100,25]}",4104.109647658064,139.167,True
140.24,139,11,742,87,184,30,3834,0,"{""s"":184,""t"":[0,2,19,39,1000],""p"":[30,3834,0],""a"":[10,20,980],""g"":[0,0,0],""e"":[100,25]}",3834.117369095526,140.167,True
141.24,140,11,742,87,185,30,3564,0,"{""s"":185,""t"":[0,2,20,39,1000],""p"":[30,3564,0],""a"":[10,20,980],""g"":[0,0,0],""e"":[100,25]}",3564.126260389775,141.167,True
142.24,141,11,742,87,186,30,3294,0,"{""s"":186,""t"":[0,2,21,39,1000],""p"":[30,3294,0],""a"":[10,20,980],""g"":[0,0,0],""e"":[100,25]}",3294.136609189121,142.167,True
143.24,142,11,742,87,187,30,3024,0,"{""s"":187,""t"":[0,2,22,39,1000],""p"":[30,3024,0],""a"":[10,20,980],""g"":[0,0,0],""e"":[100,25]}",3024.1488058625687,143.167,True
144.24,143,11,742,87,188,30,2754,0,"{""s"":188,""t"":[0,2,23,39,1000],""p"":[30,2754,0],""a"":[10,20,980],""g"":[0,0,0],""e"":[100,25]}",2754.1633938457608,144.167,True
145.24,144,11,742,87,189,30,2484,0,"{""s"":189,""t"":[0,2,24,39,1000],""p"":[30,2484,0],""a"":[10,20,980],""g"":[0,0,0],""e"":[100,25]}",2484.181152814746,145.167,True
146.24,145,11,742,87,190,30,2214,0,"{""s"":190,""t"":[0,2,25,39,1000],""p"":[30,2214,0],""a"":[10,20,980],""g"":[0,0,0],""e"":[100,25]}",2214.203242703795,146.167,True
147.24,146,11,742,87,191,30,1944,0,"{""s"":191,""t"":[0,2,26,39,1000],""p"":[30,1944,0],""a"":[10,20,980],""g"":[0,0,0],""e"":[100,25]}",1944.2314677013126,147.167,True
148.24,147,11,742,87,192,30,1674,0,"{""s"":192,""t"":[0,2,27,39,1000],""p"":[30,1674,0],""a"":[10,20,980],""g"":[0,0,0],""e"":[100,25]}",1674.2687956239286,148.167,True
149.24,148,11,742,87,193,30,1404,0,"{""s"":193,""t"":[0,2,28,39,1000],""p"":[30,1404,0],""a"":[10,20,980],""g"":[0,0,0],""e"":[100,25]}",1404.3204762446499,149.167,True
150.24,149,11,742,87,194,30,1134,0,"{""s"":194,""t"":[0,2,29,39,1000],""p"":[30,1134,0],""a"":[10,20,980],""g"":[0,0,0],""e"":[100,25]}",1134.3967559897198,150.167,True
151.238,150,11,742,86,195,30,864,0,"{""s"":195,""t"":[0,2,30,39,1000],""p"":[30,864,0],""a"":[10,20,980],""g"":[0,0,0],""e"":[100,25]}",864.5206764444677,151.167,True
152.238,151,11,742,86,196,30,594,0,"{""s"":196,""t"":[0,2,31,39,1000],""p"":[30,594,0],""a"":[10,20,980],""g"":[0,0,0],""e"":[100,25]}",594.7570932742207,152.167,True
153.238,152,11,742,86,197,30,324,0,"{""s"":197,""t"":[0,2,32,39,1000],""p"":[30,324,0],""a"":[10,20,980],""g"":[0,0,0],""e"":[100,25]}",325.38592471094995,153.167,True
154.237,153,11,742,85,198,30,54,0,"{""s"":198,""t"":[0,2,33,39,1000],""p"":[30,54,0],""a"":[10,20,980],""g"":[0,0,0],""e"":[100,25]}",61.773780845922005,154.166,True
155.236,154,11,742,84,199,30,0,0,"{""s"":199,""t"":[0,2,34,39,1000],""p"":[30,0,0],""a"":[10,20,980],""g"":[0,0,0],""e"":[100,25]}",30.0,155.165,True
156.236,155,11,742,84,200,30,0,0,"{""s"":200,""t"":[0,2,35,39,1000],""p"":[30,0,0],""a"":[10,20,980],""g"":[0,0,0],""e"":[100,25]}",30.0,156.165,True
